{"score":4921.3604,"children_count":11,"energy_from_cells":1693.3221,"age":212.80379,"brain":{"weights_ih":[[-0.116812296,0.8084913,-0.0890508,0.7844229,0.36012974,-0.5811703,0.4857152,-0.53742903,0.3232572,0.69215643,-0.72258663,0.64976704,-0.58845115,-0.8437454,0.3925124,-0.21636803,-0.7539682,-0.20964508,-0.7381386,0.48884425,-0.08712568],[-0.96593624,-0.5286937,-0.97288287,-0.24852403,-0.68043095,0.24038692,-0.94797593,-0.30481523,0.4412958,-0.8064204,0.61210394,0.38579616,0.8393928,0.77914727,0.83563066,0.6034317,-0.7478143,0.33438334,-0.35038152,0.98480517,0.6545566],[-0.7940448,0.7716343,0.4206104,0.8545821,-0.46336377,-0.77733696,0.43502107,0.9366523,-0.92117727,-0.16857995,0.9254497,-0.74976814,-0.87335503,-0.667549,-0.93087626,-0.555353,0.7628302,0.08018486,-0.3657135,0.7478083,0.026129078],[0.009466631,-0.3085195,-0.33843634,-0.46263334,0.22255151,-0.5593923,-0.1305342,0.377331,-0.52213436,0.74795383,-0.49784845,0.7308545,-0.7125281,0.41245994,-0.25627688,-0.28595537,0.07434566,-0.56094205,0.46591258,-0.28800777,-0.1902107],[-0.3344662,-0.58674383,-0.2964847,-0.19320256,-0.054702442,0.67788625,0.79679,-0.5357386,0.6770568,0.45742792,0.395174,0.2095642,0.95432323,0.6137609,0.77641827,0.0074321004,0.55693656,-0.15860277,0.8150574,0.64237654,0.97926456],[0.82404304,0.87052506,0.9882713,-0.1197289,0.92054474,-0.04035223,0.68580014,-0.752966,-0.19277833,-0.47259358,0.4109396,0.9459602,0.25900176,0.44546908,0.63215,0.80281585,-0.50900406,0.08021574,0.7051554,-0.7010715,0.55200064],[0.21868129,0.78007853,-0.08101169,0.3905319,-0.05430438,-0.35820594,0.31342015,-0.37272418,-0.121658154,0.4531979,0.31297255,-0.25646377,-0.36369765,0.1559627,0.975624,-0.6420152,0.7835335,-0.47423327,-0.87898517,-0.7980083,0.14303523],[-0.04756115,0.41822377,0.72258013,0.30023807,0.50179195,-0.8710166,0.55894077,-0.24671844,-0.3282903,0.9146678,0.60120666,0.7716349,-0.35957712,-0.3260389,-0.49494934,-0.74264467,0.051504485,0.092380285,-0.7782617,0.89202356,-0.8280111],[-0.365692,0.36713213,0.17855959,-0.19432563,-0.14709173,-0.29736573,-0.07885914,-0.54237497,-0.6561072,-0.35892075,-0.40250602,-0.5331229,0.4884733,-0.5678595,-0.075672686,-0.87610376,0.09316752,-0.7402033,0.6455799,0.8110261,0.39979842],[0.33979675,-0.6804034,0.10649158,-0.37326425,0.20563363,0.4211689,0.26945117,-0.20669426,-0.08735568,-0.13186933,-0.33753294,-0.6849937,-0.1552097,-0.65890026,-0.48277694,-0.8051056,0.3250943,0.70545906,0.18357906,0.63713163,-0.1482266],[-0.70766217,-0.833749,0.23345314,-0.33948374,0.22764261,0.12705804,-0.2218712,0.082268804,-0.85990727,-0.6786144,0.17493288,0.8245386,0.012551305,0.115726866,-0.8565822,-0.5526019,-0.8929481,0.026427748,0.26007822,0.22549102,0.3042937],[-0.9981706,-0.5278697,0.6747833,0.84312344,0.4734978,-0.077212855,0.55460054,0.44425413,-0.81175715,-0.02897609,0.9765454,-0.57856894,0.031182356,0.5159892,0.099758506,0.7523332,-0.87497413,0.2574068,0.95808464,-0.50481135,0.657894],[-0.32804105,-0.31419817,-0.6990545,-0.780482,0.3988865,-0.9309095,-0.97574395,-0.7123889,-0.040779147,0.53652054,-0.9674511,-0.9577964,-0.72498703,-0.6586186,0.89204955,0.29132515,-0.5564339,-0.14789481,-0.31009087,0.20409384,-0.29723966],[0.8881856,-0.556101,0.6881854,-0.26905558,-0.4655856,0.30788025,-0.8441844,0.36188182,0.41608298,0.9025741,0.27050918,0.45929506,-0.54894346,-0.94999593,0.9912475,-0.21879551,0.880257,-0.9031475,-0.927011,0.63361657,0.13799185],[0.7228529,0.68016624,0.18097514,-0.52540714,-0.000048760325,0.3507861,-0.9348545,-0.35771957,0.3881708,-0.11641845,0.10103435,0.13891134,0.14946286,-0.3104985,-0.29772007,0.16131473,-0.11502866,-0.7582474,0.37661144,-0.094425514,0.38620362],[-0.6498408,0.6228425,0.05247513,-0.7668175,-0.6892082,0.6621153,-0.5159267,0.6836868,0.77980524,0.38749084,-0.8583482,-0.007519533,-0.6686447,0.62243736,0.1757951,0.56879854,0.5327325,-0.68486136,0.5328806,0.12864622,0.2340415],[-0.59950316,0.46620175,-0.3472993,-0.8101943,-0.22333981,-0.395501,-0.57724464,0.4015645,-0.040381048,0.26396424,-0.40653178,0.3458843,-0.035148643,0.84392846,0.45123002,-0.9094269,0.15548405,0.636006,-0.16897392,0.7200454,0.7237774],[-0.86990285,0.031552907,0.078894645,0.60797215,0.5910643,0.023408115,0.12419723,0.5713559,0.5176683,-0.6382944,-0.5037236,0.7744747,0.613784,-0.961083,0.8597592,-0.856096,0.6814259,-0.7146474,0.9004307,0.30817634,-0.5522778],[0.261213,-0.5595958,-0.6934507,-0.8591835,0.854299,-0.1352656,0.9142075,-0.4051853,0.41765022,0.5108822,-0.40234578,-0.9509793,-0.42603517,-0.1938992,0.027182102,0.36939192,-0.4410641,0.5600566,-0.24735442,-0.25679064,0.3911605],[-0.55040765,-0.34458268,-0.46873093,0.026338179,0.5684619,-0.495633,0.034050226,0.90268177,-0.75703907,-0.4813865,-0.010185176,0.058887914,0.94707555,-0.74380434,-0.16376512,-0.23964106,-0.38982427,-0.43560642,0.8756498,0.30352905,0.7771891],[0.09268289,0.6011297,0.2224663,-0.034287464,-0.44960526,-0.04778924,-0.60409135,-0.72536194,-0.70467526,-0.9541273,-0.90779513,0.59597635,0.60047776,0.73932153,0.04351069,0.50540984,-0.38535523,0.018299025,-0.15206414,-0.57919544,-0.687704],[-0.8898739,-0.7621033,0.298418,0.868994,0.44319043,0.29003245,-0.6064637,-0.07218447,0.8198616,0.6611049,0.01197441,-0.85892195,0.9436736,-0.87213326,0.3212702,0.026053967,-0.29347938,-0.71949834,-0.95791465,0.9107947,-0.12740557],[-0.86632305,0.015895275,0.85038215,0.5249546,-0.3666461,0.38639438,0.1106035,-0.4080915,0.45152384,-0.3398438,-0.7498804,-0.7587942,0.04893803,-0.7176859,-0.33507693,-0.82540244,0.13696113,0.32879084,-0.45333225,0.9617206,-0.43934488],[0.6709409,0.77926713,-0.14348167,-0.07281794,0.3810227,-0.48771298,0.14167033,-0.34415066,-0.83414555,-0.55129164,-0.08695202,-0.29319093,0.43214828,-0.5857527,0.89038306,-0.31581596,-0.66109854,0.7490239,-0.8641614,-0.034645934,-0.45876715],[-0.845212,0.28828806,-0.7438042,-0.7344034,-0.6706622,-0.3283953,-0.8501515,0.93811876,0.47717607,-0.7485815,0.9780312,-0.8404003,-0.4167378,0.8377994,-0.054033544,0.8165113,-0.37347585,0.1014835,-0.08576345,0.8010404,-0.9749331],[-0.025667327,0.7281984,-0.87309283,0.12076086,-0.040214613,0.018593337,0.6143287,0.33309764,-0.30768168,0.7634657,-0.5133139,-0.70065236,0.8190573,0.94949496,0.9577181,0.14389665,-0.2874901,0.65016025,0.76981413,-0.16520157,-0.21772143],[0.59134847,-0.55750626,-0.12724462,0.325015,-0.8490986,0.978933,-0.81073457,-0.9177297,-0.39903387,-0.8736371,-0.20694907,-0.65896136,0.83591384,0.77778965,0.3759429,-0.7462562,-0.34304756,-0.29580873,0.86921835,0.65219927,-0.0050540282],[0.38049576,-0.6216019,0.75161445,0.94154054,-0.25865406,-0.5611591,0.8706667,-0.9880168,0.9132898,-0.6643704,-0.7627393,-0.21729228,-0.4525149,0.61147946,-0.9894217,0.043179095,0.021522185,-0.90220207,0.7253195,0.23124324,-0.3781185],[-0.7240021,0.9396818,-0.6879279,-0.78285176,0.30359823,-0.9953934,-0.87669593,0.9144598,0.5217846,-0.41232017,0.7384784,0.9995091,0.03762405,0.19607218,0.081853665,-0.8292154,-0.7705953,0.83802646,0.8350826,0.6800433,-0.38489836],[-0.4042966,-0.5734427,0.98307705,0.19146064,0.5720809,-0.9694829,-0.53086483,0.12954965,-0.11580883,0.13851885,-0.21281618,-0.3048046,-0.9816779,-0.41090986,0.5306198,-0.6491825,-0.17222628,-0.69746727,-0.99862367,-0.48414257,0.02749766],[0.4013031,-0.9925446,0.59234,0.5634471,-0.46978077,0.6506783,-0.6443158,0.8020902,-0.40212375,0.40200037,-0.7277831,-0.84675336,0.49174982,-0.6661217,0.8246595,-0.49570465,-0.39163265,-0.18364275,0.13916287,0.8299509,-0.17793038],[0.8145098,0.5622898,-0.17033255,-0.6971446,-0.4895182,-0.5742093,-0.6779999,0.54111385,-0.09849665,-0.15821889,-0.8498455,0.2998759,-0.8314948,0.11252638,0.28791475,-0.6212792,-0.17985745,-0.34440967,-0.09486894,0.5872316,0.7007951],[0.71863663,0.32928813,-0.65511817,-0.45103383,0.52079976,0.42963216,-0.21058013,0.44660822,0.45511815,-0.8927519,-0.10040258,-0.09766987,0.8762682,-0.25241685,0.45032012,-0.32415128,-0.20554806,0.15396363,0.6930292,0.96920323,-0.45934463],[-0.7193584,0.8611544,-0.62217057,-0.5553005,0.9596313,0.32999095,-0.21340092,0.9897361,0.38928485,0.0726801,-0.23494399,