{"score":4637.114,"children_count":12,"energy_from_cells":1159.0667,"age":227.8047,"brain":{"weights_ih":[[-0.806562,0.5624278,-0.740555,-0.1680006,0.70883954,-0.1293567,-0.82827276,0.27498594,0.9715764,0.09582829,0.6633746,1.0090833,0.035784353,0.45865554,-0.5744833,-0.46549603,0.3382234,-0.5023818,0.9536932,0.78536487],[-0.26312405,0.52855414,-0.66704774,0.031082805,-0.100137115,-0.33301333,-0.58251905,0.6807963,0.024058456,-0.15993446,0.81844664,-0.80761784,0.56596214,0.47502366,-0.46452695,0.40107536,0.93514276,-0.037525505,-0.00675484,-0.9900951],[-0.4055105,-0.41463217,-0.8228437,0.032008052,0.20221016,0.003395761,-0.616189,-0.27979025,-0.74201274,-0.90119773,-0.7887707,0.41299,0.77216905,-0.40652224,-0.66950893,-0.26321885,0.75878835,0.5247914,-0.74051714,-0.4133561],[0.15775159,-0.036410455,-0.84436256,-0.08566656,0.21211252,-0.8459304,0.8926873,-0.58346707,0.34867787,0.83452183,0.6320844,0.27771348,0.5625166,-0.74927324,-0.7067311,0.26930353,0.58901703,0.85352725,0.56713325,0.04198912],[-0.52142686,0.7764801,-0.3007256,-0.58515733,0.0592101,-0.30130875,0.71443164,0.59035856,-0.91202116,-0.94580257,0.26405483,-0.4742061,-0.8313262,0.1378005,0.122614495,-0.8858935,-0.63151723,-0.3806093,-0.49002945,0.09238474],[0.65737563,-0.95229733,0.88133293,-0.86158115,-0.23457266,0.164994,-0.11119094,-0.5066306,-0.5216541,-0.3832147,-0.82447404,-0.31604055,0.16427286,0.47357982,-0.64967424,-0.39664492,0.12909669,0.69844973,-0.59434056,0.024151094],[0.121059276,0.20384705,-0.2502993,-0.8050965,-0.523758,-0.50471747,0.1896056,-0.24987555,0.39246482,-0.29920435,0.5582314,-0.89998615,0.21702385,0.80236113,0.90673524,-0.7249212,-0.90367025,0.09482469,0.20170906,0.6794469],[-0.16911381,-0.45671985,0.8226764,0.3250253,0.44152024,0.24656636,-0.19460271,-0.65107155,0.43633085,-0.73402125,-0.14254515,0.9892933,-0.81317866,-0.86517066,0.23318505,-0.21211164,-0.2372351,-0.7711427,-0.68583953,0.39847833],[0.63180584,0.405263,0.10986538,-0.18454492,-0.34816778,-0.13164824,-0.07525335,-0.5693539,0.4258212,0.8645415,0.7442328,-0.8718442,-0.27103493,0.7318028,0.7812567,-0.17998753,-0.81173104,-0.8100122,-0.3858366,-0.47255182],[0.21846133,0.84827334,-0.055952933,0.20421888,0.7651274,-0.9563643,0.3737782,0.20143756,-0.22760074,-0.51072073,-0.568521,-0.1069693,0.40796512,-0.285497,-0.050648294,0.45580363,-0.9790119,-0.51316935,0.08304767,-0.47739342],[-0.39195818,-0.333245,-0.36677957,0.2636727,0.16016567,0.46937415,0.16622132,-0.54801035,0.80280966,-0.47492352,0.50964636,0.34109437,-0.09041949,0.67062074,-0.3313292,-0.105669476,-0.5619224,0.04098455,0.7807429,-0.4678897],[0.76389503,0.32188323,-0.8041725,0.47757676,0.68997353,0.9415674,-0.6003612,0.73002064,-0.5731868,0.61900944,0.64208347,-0.42601886,0.71000624,0.7687692,-0.112711236,-0.7741017,-0.34105703,0.61209,-0.22777636,-0.6696092],[-0.15245658,-0.53505874,0.18535423,0.12256919,-0.054302815,-0.12855066,-0.4473081,-0.20508265,0.89488095,0.5016715,0.33167228,-0.090391204,-0.8136027,0.55615187,-0.19525577,0.15532055,0.68090016,0.5154768,0.72901535,0.45189476],[-0.508283,-0.50624603,-0.106136926,0.5151252,0.9263585,-0.4688419,0.9846522,0.69295305,0.3673001,1.0543919,-0.8361476,0.58847016,0.9227799,0.85491955,-0.42659467,0.4645501,-0.13723855,-0.64009666,0.71043587,0.045151755],[-0.8239066,0.55128115,0.5586896,0.21821398,-0.09606913,0.49416688,0.63149786,0.930108,-0.92482054,-0.5757034,-0.5095097,0.6089578,-0.46489304,0.452032,-0.870994,-0.34310508,0.59514743,-0.5755601,0.13901052,0.74119264],[0.3954371,-0.5353706,-0.67671317,0.020546194,0.81008035,0.098001555,0.11730935,-0.19745998,0.0037959265,-0.23765764,0.58337605,-0.7629822,-0.47191668,-0.03418137,0.4453544,-0.16724513,0.08493439,0.8152874,0.08635325,-0.6774266],[-0.5427355,-0.45783952,-0.03626498,0.5147607,-0.25251016,-0.39079502,0.091734104,0.21209732,0.8496889,-0.5373469,-0.43467605,-0.58890176,0.888598,-0.8703272,0.104052,0.10912737,-0.22233368,0.4218557,-0.74543804,-0.94069695],[-0.8245735,-0.44118345,-0.007252584,-0.33259803,-0.8965399,-0.19343883,-0.6426275,0.6102421,-0.07847201,0.4131214,-0.32995605,0.7398109,-0.3443427,-0.42175126,0.008698918,0.8415631,-0.54553366,-0.53396606,-0.7423652,0.4094612],[0.494879,-0.8483559,-0.16810824,-0.2608904,-0.13488506,-0.20690984,-0.5695522,-0.6028254,0.6068957,0.043349445,0.73668,-0.34745476,0.99642414,-0.5530387,-0.18827222,0.22314054,-0.30958357,-0.9386768,-0.73524487,-0.8316809],[0.5060358,-0.9577736,-0.45747188,-0.56233484,-0.2791993,0.76728797,-0.48207268,-0.12617059,0.91679174,-0.37582642,-0.85765815,-0.9664587,0.5198895,-0.53366727,-0.7929407,0.5645602,0.5121777,-0.9446009,-0.28927183,-0.2724499],[0.9556319,-1.0372831,0.074813575,-0.773278,0.2835376,-0.6840251,-0.9539963,0.56858337,0.03002356,0.5492938,-0.31960174,0.028862068,0.64393246,-0.25725454,0.9825422,0.58225787,0.69117475,0.11800117,-0.07597415,-0.8307174],[0.6237392,0.49031505,0.24892221,-0.0685598,-0.41935498,0.21225508,-0.92729986,-0.38208264,-0.38193145,-0.6831141,-0.14851739,-0.15585089,0.012920185,-0.91770905,-0.3945312,-0.52130705,-0.08448133,-0.09724357,0.6740075,-0.1478378],[-0.43591222,0.2524244,-0.17551889,-0.83353144,0.9540988,0.1761782,-0.4840242,0.6835574,-0.9823611,-0.6841938,0.75171715,-0.44243103,0.8995326,-0.026335081,-0.89291555,-0.58367133,0.6765014,0.86815715,-0.14710727,-0.5937895],[0.38634083,0.4101543,-0.03721113,0.586496,0.6195685,0.21288806,0.29482442,-0.52037984,-0.8696024,0.58074105,-0.86907154,0.51909757,-0.33195472,-0.347638,-0.11071534,0.30470437,-0.059394274,0.06112454,0.15535215,0.87245214],[0.9283464,0.5672069,0.61509466,-0.25247929,1.0063103,-0.93989986,0.46156722,-0.4967474,-0.21396306,-0.66334593,-0.63062143,0.3556937,0.45170882,-0.3905204,-0.08214979,-0.31752616,-0.8034396,-0.27314344,-0.7871711,0.20250526],[0.22882637,-0.23508954,-0.10663079,0.17060876,0.007823911,0.80701345,-0.8110952,0.088138446,0.28537402,0.8013248,0.89551777,-0.5144846,-0.8772121,-0.49335045,-0.8996921,-0.067164704,0.64477813,-0.70714146,-0.08715169,-0.35684356],[-0.35255063,0.14755364,-0.16895613,-0.7960819,0.28879973,-0.027262818,0.27348733,-0.6854276,0.45357624,-0.1596336,0.67750627,0.41217488,0.80382425,-0.31699964,-0.8702577,0.33687377,-0.18155162,-0.7036459,-0.60905117,0.58582836],[0.34904185,-0.85428804,-0.93758005,-0.08441617,-0.18073401,-0.06771034,-0.65422916,-0.15032582,-0.6437035,0.088424824,-0.1492105,0.45441964,0.6793386,0.86424613,0.49201813,0.32640946,-0.39155516,0.18333986,-0.85813,-0.0828439],[-0.58226115,0.46066856,0.91761625,0.6228709,0.99517405,0.49403453,-0.9219949,0.012837488,-0.9752273,-0.23603706,0.99416935,0.39079258,-0.7113062,-0.22848207,0.23427473,0.7323692,-0.34336364,0.52320236,0.7726847,0.9348197],[-0.7816149,0.48003116,0.25438488,0.5240558,0.96311533,0.09426328,-0.20856644,0.10586579,0.801757,-0.48640144,-0.28426462,-0.27801922,-0.08180666,0.6653228,0.8715575,-0.6352423,-0.96881294,0.52726436,0.7753321,-0.56505144],[0.41144544,0.02115813,0.35408968,0.43923324,-0.18270469,-0.6117936,0.3776736,-0.82850814,-0.30097684,-0.29898295,0.75629187,-0.07662798,0.969567,0.30275032,0.61637616,-0.47519588,-0.63713914,-0.9743528,-0.5642979,-0.9037788],[-0.0045418385,-0.15513787,0.86765903,-0.0077573843,0.40721485,-0.4712154,-0.20889512,0.2317119,-0.16824682,0.24725765,-0.8775855,-0.3600182,-0.86016846,0.08795965,0.329591,-0.6007923,-0.58162737,-0.79653084,0.32764205,0.21764736],[0.6524341,0.14876705,-0.94864607,-0.11593632,-0.07877586,-0.9534061,0.59142643,-0.49171075,-0.5116678,0.086517274,-0.6347361,0.5992487,-0.6956984,-0.7009488,-0.9286793,-0.88100225,-0.3535998,-0.17250915,0.61613375,0.6216002],[0.12258341,0.5756328,-0.6650443,-0.5655719,-0.5370322,-0.26673743,0.93890095,0.025658524,0.4562327,-0.47023162,-0.28242537,-0.30984768,0.7523799,0.0035106316,-0.7755911,0.6835178,-0.18544719,-0.996254,0.52936566,0.5396917],[-0.3193012,-0.37726998,-0.7117929,0.44055328,0.44973946,0.8773013,-0.32011837,0.8641923,0.57880694,0.32538208,-0.4797436,0.7669758,0.6262512,-0.84450275,0.9241407,0.14030707,0.9311207,0.87431383,0.57074434,