{"score":59574.855,"children_count":0,"energy_from_cells":5166.2847,"age":5440.857,"brain":{"weights_ih":[[-0.9721391,0.58737135,-0.6054358,-0.4154736,0.6140964,-0.01295365,-0.6825401,0.09787625,0.9828387,0.37189022,0.9139767,0.8102526,0.06672057,0.75890917,-0.74742043,-0.5212134,0.40476182,-0.55324775,1.0636883,0.91403544],[-0.46547693,0.47221905,-0.84593683,-0.012196481,-0.32045606,-0.22393718,-0.86750126,0.8664967,0.013239464,-0.41784555,0.7243254,-0.6290061,0.17205583,0.61224324,-0.19289193,0.23942304,0.9295186,-0.07138799,0.25808656,-0.91113],[-0.050704308,-0.24710007,-0.86602306,0.09800734,0.28898394,0.36513546,-0.4361322,-0.3390682,-0.7991041,-0.63935703,-0.89840215,0.23576045,0.7158708,-0.31345546,-0.7095714,-0.72323525,0.6914897,0.3943879,-0.9972986,-0.34828538],[-0.13849117,0.14844377,-1.1148211,-0.0062702,0.23219061,-0.7789025,1.130359,-0.5864928,0.3515968,1.1586612,0.4752644,0.20610218,0.52435446,-0.62456995,-0.7429254,0.3473815,0.64563745,0.39902064,0.31750625,-0.11179413],[-0.4841572,0.773961,-0.26544192,-0.49234217,0.11848666,-0.36957684,0.7804047,0.644482,-1.2358464,-0.93197656,0.2227497,-0.21022558,-0.7587567,0.06627735,0.2415163,-0.91713566,-0.9433943,-0.46957868,-0.53939486,0.02711422],[0.60944873,-1.061221,0.8564007,-0.8495412,-0.12046049,0.4304742,-0.14010087,-0.68436724,-0.49886465,-0.40993375,-0.7362927,-0.5041324,0.25187442,0.6567335,-0.6147458,-0.16187356,0.19890931,0.6654706,-0.57112867,0.37338158],[0.08013418,0.27301267,-0.41954476,-0.6660937,-0.42908472,-0.78130984,0.10946807,-0.20270845,0.23443574,-0.5776549,0.42826027,-1.0466043,-0.13843572,0.87930554,0.75187224,-1.0387154,-0.6600491,0.21581426,0.41491205,0.695587],[-0.25956923,-0.17461887,0.6378152,0.34839496,0.5624156,0.19493522,-0.23978882,-0.6757522,0.48276764,-0.5559342,-0.19586852,1.001241,-0.5974439,-0.8861833,0.24852115,-0.25535643,-0.2767231,-0.8851283,-0.61473054,0.4214686],[0.66955066,0.4607983,0.079588026,-0.27101436,-0.35169575,-0.08264102,0.15269399,-0.5310228,0.64364475,0.87275183,0.83794105,-1.122877,-0.46243417,0.9200127,0.6623659,-0.27001476,-0.7245093,-0.8345416,-0.24769014,-0.4450882],[0.050412998,0.9623292,-0.20173621,0.038402278,0.5353208,-1.0332174,0.44077033,0.19616775,-0.05009193,-0.6410097,-0.62085724,-0.21784155,0.49690863,-0.2245662,0.14695205,0.45041722,-1.1238476,-0.56744325,0.27455327,-0.6876629],[-0.37479895,-0.4144752,-0.32233447,0.34632573,-0.067130625,0.66859716,0.31544614,-0.56554335,0.9577315,-0.40914056,0.75419784,0.038525224,-0.2401381,0.6846674,-0.4118036,-0.33584172,-0.65525097,-0.12772818,0.5136995,-0.35750443],[0.8912911,0.34359634,-0.7743471,0.47621387,0.9009859,1.1993631,-0.3570187,1.0670117,-0.399327,0.5635161,0.6844557,-0.25309968,0.52753043,0.77342534,-0.11746515,-0.6938814,-0.25319389,0.67186433,-0.13167305,-0.8524638],[-0.1665461,-0.60448855,-0.030335523,0.02521798,0.0015821792,-0.102367,-0.59394825,-0.22131158,1.0793735,0.4783363,0.10539118,-0.098923996,-0.7585446,0.4075708,-0.19861828,0.31051165,0.9218736,0.7664863,0.7459813,0.456967],[-0.544563,-0.57378906,0.11680263,0.54648954,0.99710464,-0.8628411,1.0248041,0.7150048,0.33028963,1.0574982,-0.771785,0.6042007,0.8960962,0.9190463,-0.48714253,0.7419692,-0.15052123,-0.776067,0.6554073,0.50562125],[-0.9667436,0.48108575,0.7332366,0.24280918,-0.2540351,0.7055554,0.8411767,0.9214161,-0.7757446,-0.65653145,-0.3926443,0.633423,-0.34927735,0.32367933,-1.030315,-0.12622286,0.44998667,-0.9213494,0.13308245,1.0321364],[0.50315505,-0.5151676,-0.5377793,-0.11778399,0.69674695,0.05133131,0.13915484,-0.29861146,-0.032232385,-0.4619337,0.7444169,-0.63273484,-0.6656121,-0.15508687,0.48338634,-0.17673656,0.088936,0.5724335,0.03875564,-0.85372335],[-0.44218808,-0.69187135,0.13443266,0.6023641,-0.75716203,-0.2916121,0.07577818,0.21306972,0.977457,-0.4882719,-0.51987725,-0.55103594,1.0100701,-0.863962,0.026280299,0.32128742,-0.3238829,0.50527793,-0.8022034,-1.0448285],[-0.85540295,-0.66325223,-0.04887542,-0.52692765,-0.9034011,-0.1698681,-0.63390803,0.627205,-0.348017,0.5507289,-0.16070573,0.6438617,-0.28242263,-0.4845705,0.09074501,0.7200575,-0.30372602,-0.37401035,-0.702782,0.27646512],[0.3309771,-0.64987004,-0.41496116,-0.19477339,0.04063203,-0.34653,-0.7136159,-0.7686706,0.674098,0.12455727,0.7477587,-0.4072424,0.9724923,-0.91572005,-0.1740916,0.36842707,-0.33028117,-0.9787731,-0.7292991,-0.8951519],[0.5277948,-0.83566535,-0.40537554,-0.46403226,-0.26635265,1.0170829,-0.58992547,-0.08360632,0.84220684,-0.32531464,-0.81920755,-0.9273672,0.7123648,-0.6352161,-0.7977767,0.5084828,0.6469746,-1.0571324,-0.17151777,-0.45732749],[0.8567359,-0.9203791,0.21125089,-0.71622884,0.32300472,-0.71022135,-0.84679693,0.70114166,0.007395178,0.5786215,-0.4057644,-0.11768201,0.46341965,-0.09766957,0.7577441,0.5027747,0.7284782,0.03095355,-0.09945888,-1.1328757],[0.61859965,0.2621528,0.33983022,-0.13199943,-0.5422672,0.3087692,-0.7103425,-0.48203287,-0.48758364,-0.78413516,-0.2741173,-0.06655939,0.00020835549,-1.0384548,-0.28206497,-0.5228207,-0.3164533,0.044342257,0.45505342,-0.26272374],[-0.3618434,0.4257023,-0.102727756,-0.8158462,0.82443166,0.3564635,-0.3254313,0.86113197,-0.8786207,-0.70090365,0.8121022,-0.5326469,1.0084577,0.16994797,-1.1075463,-0.39646012,0.9070176,1.0189093,-0.35539505,-0.49163753],[0.31957278,0.38629282,-0.1261521,0.51852316,0.32283124,0.34503064,0.22251892,-0.3494895,-0.7230749,0.56163263,-0.6513624,0.5779402,-0.34937227,-0.39227346,-0.22027121,0.19044463,-0.28703108,0.06112454,0.19439422,1.14368],[0.943832,0.51811916,0.70455045,-0.5196033,0.9410312,-0.8901992,0.7118913,-0.64498913,-0.47067466,-0.7034767,-0.78822196,0.39765236,0.6487268,-0.22728026,0.10380109,-0.41918513,-1.0069227,-0.25845456,-0.94812214,0.12847504],[0.12435451,-0.39500904,-0.07371518,0.045636132,0.12406376,0.8137855,-0.8479402,0.09922473,0.6216229,0.79881734,0.94002885,-0.7462313,-0.661052,-0.44312307,-0.90840125,0.3975394,0.5906559,-0.83798534,-0.13863708,-0.347172],[-0.23446065,0.032128826,0.01116094,-0.86831987,0.52064466,0.011527862,0.24056415,-0.7062591,0.3770294,-0.08851521,0.7381343,0.25071782,0.6486517,-0.30321112,-1.1169477,0.41551298,0.0690783,-0.63650686,-0.64427775,0.5721606],[0.34876835,-0.76881135,-0.6884871,-0.46202475,-0.1424377,-0.10410784,-0.5220673,-0.118342005,-0.79578316,0.086757906,-0.38416728,0.41647846,0.58255786,0.879809,0.34201688,0.12896284,-0.38170987,0.09784496,-0.786433,-0.04011208],[-0.44445553,0.3172675,1.1338474,0.51193327,1.0265839,0.33614165,-0.8252825,0.16325822,-0.86546755,-0.10640643,0.9316545,0.032336548,-0.6788604,-0.20568815,0.27302223,1.0130988,-0.2468453,0.49185577,0.8588124,0.8020499],[-0.90315795,0.5075985,0.22107624,0.193398,1.0370702,0.25875294,-0.19304988,0.13783884,0.58039224,-0.26377565,-0.4721387,-0.07983434,-0.13397232,0.65959483,0.6061929,-0.546144,-1.0588067,0.51399785,0.6796776,-0.69969004],[0.24171296,-0.2642031,0.3103562,0.47044188,-0.22331007,-0.58099985,0.36426112,-0.92226154,-0.21350266,-0.428828,0.700167,-0.18480638,1.0571688,0.47095257,0.6301638,-0.5822197,-0.7414542,-0.9410341,-0.4230187,-0.8915734],[-0.12034523,-0.18920013,0.9082049,0.050002716,0.56102145,-0.71652937,-0.116035186,0.17610693,-0.2263726,0.21022467,-0.6623633,-0.44118518,-0.62693125,-0.11922714,0.51313555,-0.6541368,-0.84388834,-0.861508,0.38643077,0.06320074],[0.707578,-0.030266505,-0.9468072,-0.35233122,0.020845484,-1.1765361,0.79289734,-0.45870075,-0.5036202,-0.056517888,-0.6462588,0.6670264,-0.5913947,-0.90392125,-1.1848832,-1.382744,-0.36335284,0.009356454,0.5817728,0.65421635],[0.1388317,0.6573448,-0.89939576,-0.521483,-0.48644656,-0.24120224,0.9919746,-0.11908898,0.70175207,-0.4236206,-0.46364683,-0.33077615,0.5850251,-0.16387846,-0.77547777,0.86048037,-0.47512054,-1.1440846,1.0261456,0.628055],[-0.36743912,-0.35645068,-1.0003487,0.400387,0.35814637,1.1054168,-0.32086205,0.8650792,0.57880694,0.17658255,-0.4841547,0.80169415,0.6499847,-1.1344869,0.8429807,0.15224601,0.8579783,1.0794353,0.65583897,0.9575642],[-0.5963766,-0.24552351,0.36671636,-0.81971353,0.051317714,0.51903015,