{"score":108.0,"children_count":1,"energy_from_cells":0.0,"age":0.8000001,"brain":{"weights_ih":[[-0.8429204,0.5624278,-0.74890137,-0.1680006,0.70883954,-0.05039244,-0.82827276,0.27498594,0.9715764,0.09582829,0.6633746,1.0609218,0.035784353,0.4819431,-0.58505416,-0.46549603,0.3331272,-0.5023818,0.8757557,0.8639844],[-0.26312405,0.52855414,-0.66704774,0.031082805,-0.100137115,-0.3044295,-0.64271337,0.6426811,0.108345516,-0.15993446,0.81844664,-0.7722719,0.56596214,0.3926698,-0.37195614,0.40107536,0.90903217,-0.018204864,0.021624746,-0.9900951],[-0.4055105,-0.41463217,-0.7459663,0.11065007,0.20221016,0.003395761,-0.616189,-0.1979217,-0.6908056,-0.90119773,-0.7887707,0.41299,0.6914693,-0.40652224,-0.66950893,-0.26321885,0.5922899,0.5247914,-0.74051714,-0.35872516],[0.1285595,-0.036410455,-0.84436256,-0.08566656,0.29735583,-0.8165026,0.9360491,-0.50268275,0.34867787,0.83452183,0.6320844,0.27771348,0.5625166,-0.74927324,-0.7067311,0.26930353,0.58901703,0.85352725,0.56713325,0.04198912],[-0.52142686,0.73772943,-0.3007256,-0.61294013,0.0592101,-0.23883152,0.79858315,0.65669817,-0.93445235,-0.94580257,0.28289056,-0.4742061,-0.8313262,0.1378005,0.14409253,-0.8858935,-0.6574277,-0.3806093,-0.45905614,0.09238474],[0.65737563,-0.9863361,0.9570421,-0.9184695,-0.23457266,0.21478789,-0.11119094,-0.5066306,-0.5216541,-0.31616253,-0.8817106,-0.31604055,0.2189064,0.41674966,-0.64967424,-0.3629723,0.13646847,0.69844973,-0.5873676,0.024151094],[0.121059276,0.27595115,-0.15712398,-0.71429294,-0.523758,-0.50471747,0.1896056,-0.31272107,0.39246482,-0.29920435,0.55637574,-0.89998615,0.13075644,0.80236113,0.8702514,-0.75590914,-0.90367025,0.09482469,0.20170906,0.6794469],[-0.16911381,-0.45671985,0.8226764,0.3250253,0.46700785,0.24656636,-0.19460271,-0.7186072,0.5474127,-0.7374287,-0.14254515,1.0565182,-0.79494303,-0.86517066,0.23318505,-0.25911024,-0.2372351,-0.7711427,-0.71200395,0.39847833],[0.63180584,0.405263,0.10986538,-0.15465191,-0.34816778,-0.11620209,-0.07525335,-0.4445868,0.4258212,0.8645415,0.7442328,-0.8718442,-0.17767823,0.7318028,0.7812567,-0.114708774,-0.81173104,-0.8100122,-0.29164338,-0.47255182],[0.21846133,0.84827334,-0.055952933,0.13943356,0.8650462,-0.94486624,0.34963974,0.20143756,-0.28700322,-0.5297376,-0.568521,-0.1069693,0.40796512,-0.22681665,-0.050648294,0.45580363,-0.97066903,-0.51316935,0.08304767,-0.5645571],[-0.39195818,-0.333245,-0.36677957,0.27831727,0.16016567,0.46937415,0.16622132,-0.6261037,0.80280966,-0.47492352,0.50964636,0.34109437,-0.09041949,0.6547221,-0.3313292,-0.105669476,-0.5619224,0.04098455,0.7478447,-0.47860122],[0.76389503,0.32188323,-0.9018066,0.47757676,0.68997353,0.8682161,-0.6003612,0.8309037,-0.5529964,0.6997924,0.64208347,-0.43104845,0.71000624,0.76879525,-0.112711236,-0.7741017,-0.34105703,0.5893622,-0.22777636,-0.6696092],[-0.15245658,-0.53505874,0.17240544,0.12256919,-0.054302815,-0.12855066,-0.48717952,-0.20508265,0.84080046,0.49874622,0.28604123,-0.051311504,-0.8136027,0.55615187,-0.19525577,0.15532055,0.68090016,0.5154768,0.6656994,0.481739],[-0.57758635,-0.50624603,-0.030724537,0.6134598,0.9263585,-0.4688419,0.9477356,0.69295305,0.3673001,1.0274584,-0.8361476,0.5110506,0.9227799,0.83543015,-0.41201633,0.4645501,-0.25208417,-0.73132133,0.63508147,0.06213091],[-0.8239066,0.54509443,0.6041894,0.3235925,-0.14156176,0.49416688,0.67945796,0.930108,-0.92482054,-0.603236,-0.46899512,0.6089578,-0.52616096,0.37579456,-0.9254962,-0.34310508,0.6464188,-0.5755601,0.15791568,0.74119264],[0.3954371,-0.5353706,-0.67671317,0.020546194,0.81008035,0.098001555,0.13365151,-0.19745998,-0.002501409,-0.251587,0.58337605,-0.7443844,-0.560429,-0.03418137,0.4453544,-0.22624964,0.08493439,0.8152874,0.14485559,-0.7398999],[-0.5427355,-0.45783952,-0.03626498,0.51821077,-0.25251016,-0.42023203,0.091734104,0.21209732,0.8496889,-0.5373469,-0.53368515,-0.5691267,0.88621336,-1.0135252,0.104052,0.10912737,-0.22233368,0.5075963,-0.74543804,-1.1124008],[-0.8245735,-0.4170201,-0.007252584,-0.39943144,-0.968594,-0.19343883,-0.67660475,0.6102421,-0.07847201,0.3781843,-0.2994222,0.7627998,-0.3443427,-0.42175126,0.00997344,0.8415631,-0.46302038,-0.53396606,-0.7423652,0.4094612],[0.39727622,-0.8483559,-0.2669507,-0.2608904,-0.13488506,-0.27165642,-0.61988217,-0.6028254,0.6068957,-0.088554375,0.73668,-0.34745476,1.0289621,-0.5530387,-0.13138954,0.22314054,-0.30958357,-0.91717064,-0.73524487,-0.92676026],[0.5060358,-0.8877182,-0.45747188,-0.56130004,-0.2791993,0.76728797,-0.4691579,-0.08552336,0.91679174,-0.37582642,-0.85765815,-0.9664587,0.5198895,-0.529974,-0.7929407,0.5645602,0.5819484,-0.9494122,-0.28927183,-0.30689836],[0.9556319,-0.97649455,0.074813575,-0.773278,0.2835376,-0.65087533,-0.8922718,0.56858337,-0.054590255,0.5492938,-0.31960174,0.028862068,0.64393246,-0.25725454,0.9825422,0.58225787,0.69117475,0.11800117,-0.07597415,-0.8979632],[0.6237392,0.49031505,0.28358403,-0.0685598,-0.41935498,0.21225508,-0.92729986,-0.38208264,-0.38193145,-0.6831141,-0.13824609,-0.20671114,0.012920185,-0.91770905,-0.3945312,-0.52130705,-0.08448133,-0.09206375,0.5967336,-0.21078584],[-0.43591222,0.2524244,-0.08511948,-0.9464352,0.9540988,0.1761782,-0.4840242,0.6818128,-0.9823611,-0.6841938,0.75171715,-0.37194693,0.99918467,-0.0034386849,-0.9862269,-0.65213996,0.6765014,0.86815715,-0.25525492,-0.5937895],[0.41192532,0.4101543,-0.03721113,0.586496,0.6583652,0.21288806,0.29482442,-0.44887143,-1.0269299,0.58074105,-0.86907154,0.51909757,-0.33195472,-0.347638,-0.11071534,0.27559873,-0.14458905,0.06112454,0.15535215,0.9649443],[0.9283464,0.5672069,0.61509466,-0.33392438,1.0063103,-0.93989986,0.46156722,-0.53169376,-0.27188575,-0.66334593,-0.63062143,0.32724273,0.5190117,-0.3905204,-0.08214979,-0.31752616,-0.8069041,-0.25185555,-0.7871711,0.20250526],[0.22882637,-0.3212788,-0.10663079,0.23353815,0.072458535,0.8109449,-0.8416866,0.088138446,0.28537402,0.8013248,0.89551777,-0.6100661,-0.8772121,-0.49798456,-0.9221124,-0.0023836866,0.64477813,-0.79882103,-0.08715169,-0.35684356],[-0.29663604,0.14755364,-0.16895613,-0.8623528,0.34517527,0.06322873,0.18889807,-0.6854276,0.45357624,-0.1596336,0.67750627,0.41217488,0.74956155,-0.31699964,-0.8702577,0.38830397,-0.24086726,-0.7036459,-0.60905117,0.5793939],[0.34904185,-0.9127724,-0.941246,-0.08441617,-0.18073401,-0.06771034,-0.65422916,-0.15032582,-0.6437035,0.037869066,-0.23562066,0.45441964,0.6793386,0.86424613,0.49201813,0.32640946,-0.39155516,0.18333986,-0.76900667,-0.0828439],[-0.6080829,0.46066856,0.91761625,0.5501536,1.0280962,0.48967353,-0.9219949,0.14738005,-0.9752273,-0.23603706,0.99416935,0.39079258,-0.78228354,-0.22848207,0.23427473,0.6598753,-0.34336364,0.52320236,0.78985524,0.9276289],[-0.7893624,0.48003116,0.25438488,0.5240558,0.96311533,0.09426328,-0.20856644,0.10586579,0.801757,-0.4964905,-0.30293754,-0.21496935,-0.08180666,0.6315865,0.80875695,-0.59548,-0.8986745,0.5133771,0.7753321,-0.57322043],[0.2811496,0.02115813,0.36641836,0.43923324,-0.10251834,-0.6117936,0.3776736,-0.8054967,-0.30097684,-0.29898295,0.7688206,-0.058553357,0.969567,0.30275032,0.61637616,-0.47519588,-0.63713914,-0.9743528,-0.4959188,-0.9720795],[-0.0045418385,-0.12812722,0.9500844,-0.004332015,0.31945032,-0.51319313,-0.20889512,0.2317119,-0.14417894,0.19017535,-0.8775855,-0.42625603,-0.9420512,0.08795965,0.329591,-0.6636914,-0.58162737,-0.79653084,0.32764205,0.21764736],[0.63327265,0.09734483,-0.8729822,-0.11593632,-0.07877586,-1.0141884,0.67712915,-0.4433472,-0.5116678,0.086517274,-0.6347361,0.5992487,-0.6670923,-0.7009488,-0.994258,-0.88100225,-0.25475717,-0.17250915,0.61613375,0.6216002],[0.12258341,0.5756328,-0.6767263,-0.50289035,-0.5370322,-0.19447877,0.93890095,0.026129963,0.4562327,-0.47023162,-0.28242537,-0.30984768,0.7523799,-0.052108597,-0.84364486,0.73392624,-0.2343343,-0.996254,0.58574903,0.49210927],[-0.3158065,-0.37726998,-0.7538822,0.462194,0.44973946,0.96388227,-0.32011837,0.8641923,0.57880694,0.27029318,-0.4797436,0.7669758,0.67621654,-0.84450275,0.89142,0.20573944,0.9311207,0.8812334,0.63492423,0.96036685],[-0.6191073,