{"score":3334.1113,"children_count":0,"energy_from_cells":0.0,"age":333.41113,"brain":{"weights_ih":[[0.58022296,0.6558797,0.08981247,0.5325686,-0.37872434,-1.0276833,-0.37417504,0.16751644,0.32672074,0.8642776,0.15547705,0.21859229,0.9921587,-0.24221107,0.90344876,-0.8235324,0.5704098,-0.81052977,-0.19955221,1.0334499,0.7751008],[-1.2097352,-0.91173255,-0.64291805,-0.40566224,-0.6575419,-0.22944766,0.39172277,-0.6055095,-0.6919168,-0.0538445,0.7175554,0.15685083,0.26370665,-0.669347,-0.98175466,-0.4052556,-1.2307527,-0.0397906,-0.75408113,0.3124546,-0.80086756],[1.1305528,0.23038915,0.40408796,-0.63034135,-0.797928,0.6849919,0.26252666,-0.8611961,0.75443244,-0.36309832,-0.3479906,1.2555927,-0.58053297,0.4931274,-0.41416407,-0.7943354,-0.47134706,-0.28676558,-0.5585387,0.17428488,-0.11482406],[0.18214571,-1.094288,-0.51440656,-0.49685693,0.57935524,-0.18108909,1.6821185,0.34258193,-0.4308161,-0.5910319,0.27648678,-0.065225504,1.1483124,-0.3917151,-0.69740444,0.081824765,0.18609571,-0.8501104,-0.27700806,0.67584753,-0.0030794889],[0.2759862,0.7288499,-0.44499332,0.5363307,0.010545103,-0.2686611,1.0233938,0.083157435,0.27124196,-0.6005012,-0.1354028,-1.0773134,-0.42015734,-0.007248495,-0.66188174,-0.88587874,0.41160685,-0.7997751,-0.31430846,1.375747,-0.36421105],[-0.1973644,-0.104402155,0.8408145,0.52487934,0.11136913,-0.035120927,-0.59687084,-0.47211605,-0.50238734,1.1656168,0.014234714,-0.575974,-0.43532243,0.25955898,-1.3399442,0.041859575,-0.24719393,-0.24267879,1.2463685,-0.7292492,0.7247788],[0.19589783,1.0411762,-1.368172,0.7232547,0.48325574,0.95644003,-0.4690849,-0.120400555,0.40786478,0.9425842,0.8696515,0.11443114,0.17684904,0.07962864,-0.7546566,-0.55445975,0.9230863,0.72372895,-0.3972218,-0.8519541,-1.131268],[-0.22386171,-0.45634168,-0.12530725,0.9542186,0.15376778,-1.5291674,0.72840935,-0.6038881,-1.6330698,-0.089675285,0.45837325,-1.0272963,-0.5178932,-0.5017154,-0.50797135,-0.25717038,-0.028261624,0.27707517,0.21088442,-0.58629537,-0.6525674],[1.2779559,0.2919182,-1.3217742,0.7228774,-1.1583406,0.957456,0.71643376,0.7490571,-0.26263177,0.24806997,0.16066895,-0.7911526,1.3518206,0.8794151,-1.4909497,0.32619008,-0.87702364,-1.0237759,-0.26970807,-0.8399088,-0.3823089],[-0.13031605,-1.026639,1.0905999,-0.089682125,0.10302691,0.2948218,1.5529157,1.3540821,1.0832045,0.41463387,-0.595899,0.42247328,0.6783939,-1.0150319,0.4780231,0.28310242,-0.32776895,1.1418933,1.406965,0.6894369,-0.6607949],[0.28396863,-0.40415567,0.028329425,-0.40927333,0.18984236,-0.61023116,0.68551123,0.601254,0.20899734,-0.91452,0.6740715,-0.841066,1.2842445,0.6454728,0.30932662,-0.23140392,-0.27074152,0.09227062,0.66675544,-0.20910616,-1.0750214],[-0.034636486,0.3415953,0.6470107,-1.330077,-0.41055632,1.0877475,-0.4798765,0.12136078,0.9112245,1.4060099,0.82161885,0.5531293,-0.77495813,0.34144843,-0.033696864,0.73195744,-0.54127437,-0.74846494,0.25296694,0.20150763,0.84721005],[0.5973162,0.2143513,0.28156343,-1.1241208,0.35680938,-1.043643,0.5452475,0.5822721,-0.72002244,0.13847154,-0.607796,-0.06353713,-0.8299761,-0.21113637,-0.40505737,-0.43950197,-0.67146325,-0.25385812,0.21021824,-0.56536436,-0.60416377],[0.2930191,-0.47612053,-0.27018487,-0.5285668,-0.003433885,-0.14781316,0.28672013,-0.5408656,0.36652005,-0.61174786,0.007812537,-0.7166101,-0.6541284,-0.11204459,-0.9780813,-0.49261868,-0.7071862,0.20274705,0.33187792,0.19835588,0.5817227],[0.7113438,0.29357892,-0.007512249,-0.7034333,-0.27123123,-1.0733421,-0.88645667,-0.82501113,0.28887975,0.6658625,0.26630145,-0.06844543,-0.8981392,-0.6137971,0.56122863,-0.2311964,-0.66167885,-0.018726265,0.045765534,0.20130318,0.2627739],[0.66248393,1.0323911,-0.65525496,0.66860545,0.58047765,0.29467082,-0.3921578,-0.7690204,0.8189343,0.33221847,-0.24830097,-0.31606606,0.2596312,-0.12570721,-0.7500408,-1.2851558,-0.4116565,0.90835565,0.3977885,-0.11657565,0.9555914],[0.2333212,0.6318003,-1.1863998,-1.0286669,0.11623777,-0.8991836,-0.6991663,0.18986708,-0.15282367,0.7564718,0.1630754,-0.91308576,0.19390291,0.5021285,0.32903457,1.2447172,0.21549702,-0.31570503,0.42777026,-0.73764443,-0.51860434],[0.34693533,0.26336646,0.15649259,-1.3089855,-0.3160749,0.31625754,0.44411424,0.58720076,-0.63859487,1.2293437,0.7982282,-0.40341905,-0.064077884,-1.0084664,-0.54514956,0.0235617,0.6680346,0.11532385,-0.21874082,-1.1422381,1.160704],[-0.48419598,-0.67361516,0.2780252,-0.6674819,0.6048958,0.19104335,0.98206884,-0.12522872,-0.9903112,-0.10560031,-0.4785254,-0.23025553,0.8203489,0.12852645,-1.028081,-1.2226812,-0.862423,0.59312296,0.09209722,-1.1723245,-0.7433978],[1.5189813,0.16408166,0.68180245,0.91586924,0.73373944,-0.8178767,-0.67765033,0.9271694,1.0422907,1.1778021,-0.52181756,-1.1529536,-0.9798346,0.44708377,-0.39902002,-0.2812509,0.29649067,-0.36257303,-0.64267516,-1.0120959,-0.3867591],[0.5798007,0.7096402,-0.14072417,0.23201407,0.9128801,0.8029394,-1.0423964,-0.29520577,-0.15096942,0.15558828,0.06450035,0.46943498,0.060851775,-0.5584066,-0.26003295,-0.407625,-0.4183497,-0.19997302,-1.1306491,0.3292316,0.12704673],[0.263313,0.09717324,-0.12433407,-0.4361634,0.6990369,-0.016017158,-0.18603197,-0.7605208,-0.9496746,-0.27503043,1.4951391,-0.54577935,-0.6579467,0.6566903,0.7095761,-0.8729422,-0.44046468,0.8126918,0.36911052,-0.5836453,-0.13604665],[-0.02472791,0.63978237,0.59071976,0.119311646,-0.1551242,0.201949,0.25033838,0.28248963,0.5290293,-0.81493473,1.0030715,0.65696865,-0.81531173,-0.6299448,0.85985607,0.35403082,-0.27883172,-0.23366871,-0.79700875,0.35537252,-0.28792012],[-0.6743171,0.3226003,0.34335834,-0.18506771,0.7745794,0.12735146,0.59145653,0.8528445,0.35247502,-0.14034283,1.7143817,0.76756936,0.48833022,0.030167744,-0.036464486,-0.7191516,0.8248871,-0.3295989,1.4199326,-0.20315664,0.11178866],[-0.10745235,-0.016303144,0.10731566,-0.5312137,-0.30885422,-0.490217,-0.27758658,-0.23138994,0.12218013,-0.7025899,0.67138433,-0.14516482,0.3795945,0.29898784,-0.28171045,1.0212198,0.5346986,0.3477871,0.3311704,-0.49034783,-0.63537997],[-0.016794367,-0.03460338,-0.52631795,0.035812277,0.7507832,0.11358212,0.21313876,0.3979103,-0.18344325,-0.38592145,0.57982504,-0.1778532,-0.76277554,1.0229732,0.7630006,-0.55216694,0.58053595,-0.3101325,-0.7066074,0.04050389,0.028719725],[0.16543245,-0.702198,0.08918285,-0.060580857,-0.91847116,0.22799362,0.50836223,-1.1771733,0.8236195,-0.70404,0.07873438,-0.5280869,0.8082854,-1.9748477,0.3251379,0.046302605,-1.0260305,-0.541601,-0.7153406,0.6484571,-0.18984655],[0.48048878,-0.16546363,0.43111378,0.23832135,-0.3426522,0.4243056,-0.42957297,-1.0693908,-0.9535704,0.86421853,0.1305241,0.8568473,0.4213628,-0.32556537,0.23402348,0.96841997,-0.022767268,0.744692,-0.37880978,-0.8018908,-1.020477],[-0.45220932,-0.5724844,0.10803369,2.0,-0.1033237,-0.8623266,0.43282044,-0.909946,-0.36414328,-0.2562891,0.24308291,-1.0405297,-0.96510184,-0.22343491,-0.07016041,-0.24017072,0.5864691,-1.2736877,-0.32133007,1.0281311,1.2770152],[-0.1891798,-0.12617978,1.0547833,-0.46978337,0.6804466,-0.48685354,-1.3602482,0.66415006,0.46245107,-0.45883217,-0.79774404,0.6044291,0.2612049,1.0311078,0.08303785,-0.23193179,-0.21739116,0.6986729,-0.05822591,-0.96887,0.8187972],[0.65946084,-0.13444075,-0.3782345,-1.01963,-0.24003625,-0.19880712,-0.3593664,-0.25280768,0.43285692,0.516815,1.0469905,0.7602086,-0.66738003,-0.3800581,1.0635432,-0.6121699,-1.374244,-0.37334996,0.3861103,0.45565388,1.4174235],[0.0917235,-0.19741318,0.47330594,-1.3831671,0.12919687,1.1723403,-0.9373408,0.23564807,0.97201973,1.2696682,-1.351997,0.057440598,0.20295565,-0.20053996,1.8460245,0.37140748,0.1588287,0.8667115,-1.3080201,-0.18315822,-0.2012008],[-0.15741031,0.39986393,-0.012320809,-0.6685511,-0.38693067,0.01320599,-0.4203008,0.09154839,-0.6764451,-0.8403128,0.63034874,0.2556646,-0.8635329,-1.2463378,-0.38874683,0.11237422,1.0712094,0.82046485,-0.685881,-0.19147518,0.7868979],[0.8460881,0.51240975,-0.4430011,0.24537803,0.6888177,1.2895017,0.06915234,-0.49100706,-0.057134893,0.21668172,0.6158304,0.28624058,0.39041665,0.45717633,0.7361968,-0.8084968,